date,type,price
2020-12-31,VLCC(320K),85.23
2020-12-31,SUEZMAX(160K),55.49
2020-12-31,AFRAMAX(110K),45.34
2020-12-31,LR2(110K),46.43
2020-12-31,LR1(74K),40.67
2020-12-31,MR(50K),33.62
2020-12-17,VLCC(320K),85.19
2020-12-17,SUEZMAX(160K),55.35
2020-12-17,AFRAMAX(110K),45.28
2020-12-17,LR2(110K),46.53
2020-12-17,LR1(74K),40.64
2020-12-17,MR(50K),33.53
2020-12-10,VLCC(320K),85.07
2020-12-10,SUEZMAX(160K),55.25
2020-12-10,AFRAMAX(110K),45.25
2020-12-10,LR2(110K),46.48
2020-12-10,LR1(74K),40.5
2020-12-10,MR(50K),33.41
2020-12-03,VLCC(320K),85.12
2020-12-03,SUEZMAX(160K),55.33
2020-12-03,AFRAMAX(110K),45.37
2020-12-03,LR2(110K),46.59
2020-12-03,LR1(74K),40.5
2020-12-03,MR(50K),33.52
2020-11-26,VLCC(320K),85.17
2020-11-26,SUEZMAX(160K),55.45
2020-11-26,AFRAMAX(110K),45.47
2020-11-26,LR2(110K),46.68
2020-11-26,LR1(74K),40.5
2020-11-26,MR(50K),33.52
2020-11-19,VLCC(320K),85.12
2020-11-19,SUEZMAX(160K),55.13
2020-11-19,AFRAMAX(110K),45.29
2020-11-19,LR2(110K),46.6
2020-11-19,LR1(74K),40.52
2020-11-19,MR(50K),33.44
2020-11-12,VLCC(320K),85.04
2020-11-12,SUEZMAX(160K),55.1
2020-11-12,AFRAMAX(110K),45.23
2020-11-12,LR2(110K),46.59
2020-11-12,LR1(74K),40.52
2020-11-12,MR(50K),33.45
2020-11-05,VLCC(320K),85.13
2020-11-05,SUEZMAX(160K),55.04
2020-11-05,AFRAMAX(110K),45.07
2020-11-05,LR2(110K),46.46
2020-11-05,LR1(74K),40.53
2020-11-05,MR(50K),33.48
2020-10-29,VLCC(320K),85.01
2020-10-29,SUEZMAX(160K),54.99
2020-10-29,AFRAMAX(110K),45.15
2020-10-29,LR2(110K),46.38
2020-10-29,LR1(74K),40.43
2020-10-29,MR(50K),33.43
2020-10-22,VLCC(320K),85.05
2020-10-22,SUEZMAX(160K),55.03
2020-10-22,AFRAMAX(110K),45.02
2020-10-22,LR2(110K),46.11
2020-10-22,LR1(74K),40.4
2020-10-22,MR(50K),33.36
2020-10-15,VLCC(320K),84.9
2020-10-15,SUEZMAX(160K),54.87
2020-10-15,AFRAMAX(110K),44.89
2020-10-15,LR2(110K),46.04
2020-10-15,LR1(74K),40.42
2020-10-15,MR(50K),33.3
2020-10-08,VLCC(320K),85.15
2020-10-08,SUEZMAX(160K),54.91
2020-10-08,AFRAMAX(110K),45.12
2020-10-08,LR2(110K),46.27
2020-10-08,LR1(74K),40.54
2020-10-08,MR(50K),33.29
2020-09-24,VLCC(320K),85.26
2020-09-24,SUEZMAX(160K),55.05
2020-09-24,AFRAMAX(110K),45.37
2020-09-24,LR2(110K),46.55
2020-09-24,LR1(74K),40.6
2020-09-24,MR(50K),33.47
2020-09-17,VLCC(320K),85.38
2020-09-17,SUEZMAX(160K),55.18
2020-09-17,AFRAMAX(110K),45.36
2020-09-17,LR2(110K),46.5
2020-09-17,LR1(74K),40.78
2020-09-17,MR(50K),33.48
2020-09-10,VLCC(320K),85.55
2020-09-10,SUEZMAX(160K),55.24
2020-09-10,AFRAMAX(110K),45.4
2020-09-10,LR2(110K),46.72
2020-09-10,LR1(74K),41.08
2020-09-10,MR(50K),33.51
2020-09-03,VLCC(320K),85.52
2020-09-03,SUEZMAX(160K),55.22
2020-09-03,AFRAMAX(110K),45.43
2020-09-03,LR2(110K),46.75
2020-09-03,LR1(74K),41.12
2020-09-03,MR(50K),33.5
2020-08-27,VLCC(320K),85.6
2020-08-27,SUEZMAX(160K),55.42
2020-08-27,AFRAMAX(110K),45.58
2020-08-27,LR2(110K),46.89
2020-08-27,LR1(74K),41.3
2020-08-27,MR(50K),33.58
2020-08-20,VLCC(320K),85.82
2020-08-20,SUEZMAX(160K),55.65
2020-08-20,AFRAMAX(110K),45.67
2020-08-20,LR2(110K),47.02
2020-08-20,LR1(74K),41.3
2020-08-20,MR(50K),33.59
2020-08-13,VLCC(320K),85.85
2020-08-13,SUEZMAX(160K),55.76
2020-08-13,AFRAMAX(110K),45.69
2020-08-13,LR2(110K),47.04
2020-08-13,LR1(74K),41.32
2020-08-13,MR(50K),33.51
2020-08-06,VLCC(320K),85.91
2020-08-06,SUEZMAX(160K),55.88
2020-08-06,AFRAMAX(110K),45.72
2020-08-06,LR2(110K),46.99
2020-08-06,LR1(74K),41.29
2020-08-06,MR(50K),33.54
2020-07-30,VLCC(320K),86.07
2020-07-30,SUEZMAX(160K),55.95
2020-07-30,AFRAMAX(110K),45.75
2020-07-30,LR2(110K),47.0
2020-07-30,LR1(74K),41.24
2020-07-30,MR(50K),33.58
2020-07-23,VLCC(320K),86.12
2020-07-23,SUEZMAX(160K),56.12
2020-07-23,AFRAMAX(110K),45.82
2020-07-23,LR2(110K),47.06
2020-07-23,LR1(74K),41.11
2020-07-23,MR(50K),33.72
2020-07-16,VLCC(320K),86.35
2020-07-16,SUEZMAX(160K),56.26
2020-07-16,AFRAMAX(110K),45.84
2020-07-16,LR2(110K),47.11
2020-07-16,LR1(74K),41.27
2020-07-16,MR(50K),33.73
2020-07-09,VLCC(320K),86.37
2020-07-09,SUEZMAX(160K),56.28
2020-07-09,AFRAMAX(110K),45.85
2020-07-09,LR2(110K),47.1
2020-07-09,LR1(74K),41.22
2020-07-09,MR(50K),33.62
2020-07-02,VLCC(320K),86.11
2020-07-02,SUEZMAX(160K),56.24
2020-07-02,AFRAMAX(110K),45.76
2020-07-02,LR2(110K),47.01
2020-07-02,LR1(74K),41.07
2020-07-02,MR(50K),33.64
2020-06-25,VLCC(320K),86.06
2020-06-25,SUEZMAX(160K),56.25
2020-06-25,AFRAMAX(110K),45.66
2020-06-25,LR2(110K),46.87
2020-06-25,LR1(74K),40.9
2020-06-25,MR(50K),33.74
2020-06-18,VLCC(320K),86.52
2020-06-18,SUEZMAX(160K),56.72
2020-06-18,AFRAMAX(110K),46.06
2020-06-18,LR2(110K),47.28
2020-06-18,LR1(74K),41.51
2020-06-18,MR(50K),34.02
2020-06-11,VLCC(320K),86.46
2020-06-11,SUEZMAX(160K),56.66
2020-06-11,AFRAMAX(110K),46.09
2020-06-11,LR2(110K),47.35
2020-06-11,LR1(74K),41.48
2020-06-11,MR(50K),33.98
2020-06-04,VLCC(320K),86.76
2020-06-04,SUEZMAX(160K),56.85
2020-06-04,AFRAMAX(110K),46.22
2020-06-04,LR2(110K),47.51
2020-06-04,LR1(74K),41.66
2020-06-04,MR(50K),34.01
2020-05-28,VLCC(320K),87.4
2020-05-28,SUEZMAX(160K),57.36
2020-05-28,AFRAMAX(110K),46.39
2020-05-28,LR2(110K),47.59
2020-05-28,LR1(74K),41.86
2020-05-28,MR(50K),34.21
2020-05-21,VLCC(320K),87.83
2020-05-21,SUEZMAX(160K),57.62
2020-05-21,AFRAMAX(110K),46.55
2020-05-21,LR2(110K),47.72
2020-05-21,LR1(74K),41.84
2020-05-21,MR(50K),34.16
2020-05-14,VLCC(320K),88.11
2020-05-14,SUEZMAX(160K),57.94
2020-05-14,AFRAMAX(110K),46.71
2020-05-14,LR2(110K),47.87
2020-05-14,LR1(74K),42.03
2020-05-14,MR(50K),34.2
2020-05-07,VLCC(320K),88.36
2020-05-07,SUEZMAX(160K),58.03
2020-05-07,AFRAMAX(110K),46.59
2020-05-07,LR2(110K),47.92
2020-05-07,LR1(74K),42.09
2020-05-07,MR(50K),34.32
2020-04-30,VLCC(320K),88.47
2020-04-30,SUEZMAX(160K),58.31
2020-04-30,AFRAMAX(110K),46.74
2020-04-30,LR2(110K),48.05
2020-04-30,LR1(74K),41.95
2020-04-30,MR(50K),34.27
2020-04-23,VLCC(320K),88.89
2020-04-23,SUEZMAX(160K),58.85
2020-04-23,AFRAMAX(110K),47.12
2020-04-23,LR2(110K),48.5
2020-04-23,LR1(74K),42.08
2020-04-23,MR(50K),34.42
2020-04-16,VLCC(320K),89.13
2020-04-16,SUEZMAX(160K),58.92
2020-04-16,AFRAMAX(110K),47.21
2020-04-16,LR2(110K),48.58
2020-04-16,LR1(74K),42.2
2020-04-16,MR(50K),34.57
2020-04-09,VLCC(320K),89.23
2020-04-09,SUEZMAX(160K),59.0
2020-04-09,AFRAMAX(110K),47.38
2020-04-09,LR2(110K),48.66
2020-04-09,LR1(74K),42.52
2020-04-09,MR(50K),34.55
2020-04-02,VLCC(320K),89.34
2020-04-02,SUEZMAX(160K),58.91
2020-04-02,AFRAMAX(110K),47.39
2020-04-02,LR2(110K),48.88
2020-04-02,LR1(74K),41.98
2020-04-02,MR(50K),34.72
2020-03-26,VLCC(320K),89.48
2020-03-26,SUEZMAX(160K),59.11
2020-03-26,AFRAMAX(110K),47.46
2020-03-26,LR2(110K),48.95
2020-03-26,LR1(74K),42.18
2020-03-26,MR(50K),34.81
2020-03-19,VLCC(320K),89.54
2020-03-19,SUEZMAX(160K),59.06
2020-03-19,AFRAMAX(110K),47.49
2020-03-19,LR2(110K),48.98
2020-03-19,LR1(74K),42.22
2020-03-19,MR(50K),34.88
2020-03-12,VLCC(320K),89.45
2020-03-12,SUEZMAX(160K),59.12
2020-03-12,AFRAMAX(110K),47.41
2020-03-12,LR2(110K),49.16
2020-03-12,LR1(74K),42.43
2020-03-12,MR(50K),35.01
2020-03-05,VLCC(320K),89.4
2020-03-05,SUEZMAX(160K),59.26
2020-03-05,AFRAMAX(110K),47.55
2020-03-05,LR2(110K),48.97
2020-03-05,LR1(74K),42.4
2020-03-05,MR(50K),34.96
2020-02-27,VLCC(320K),89.65
2020-02-27,SUEZMAX(160K),59.58
2020-02-27,AFRAMAX(110K),47.62
2020-02-27,LR2(110K),48.96
2020-02-27,LR1(74K),42.42
2020-02-27,MR(50K),34.9
2020-02-20,VLCC(320K),89.79
2020-02-20,SUEZMAX(160K),59.6
2020-02-20,AFRAMAX(110K),47.64
2020-02-20,LR2(110K),48.85
2020-02-20,LR1(74K),42.5
2020-02-20,MR(50K),34.91
2020-02-13,VLCC(320K),89.83
2020-02-13,SUEZMAX(160K),59.66
2020-02-13,AFRAMAX(110K),47.69
2020-02-13,LR2(110K),48.87
2020-02-13,LR1(74K),42.51
2020-02-13,MR(50K),34.87
2020-02-06,VLCC(320K),89.94
2020-02-06,SUEZMAX(160K),59.73
2020-02-06,AFRAMAX(110K),47.78
2020-02-06,LR2(110K),48.93
2020-02-06,LR1(74K),42.56
2020-02-06,MR(50K),34.96
2020-01-30,VLCC(320K),90.29
2020-01-30,SUEZMAX(160K),59.86
2020-01-30,AFRAMAX(110K),47.83
2020-01-30,LR2(110K),48.96
2020-01-30,LR1(74K),42.69
2020-01-30,MR(50K),35.2
2020-01-23,VLCC(320K),90.37
2020-01-23,SUEZMAX(160K),59.97
2020-01-23,AFRAMAX(110K),47.83
2020-01-23,LR2(110K),49.01
2020-01-23,LR1(74K),42.69
2020-01-23,MR(50K),35.22
2020-01-16,VLCC(320K),90.52
2020-01-16,SUEZMAX(160K),60.2
2020-01-16,AFRAMAX(110K),48.01
2020-01-16,LR2(110K),49.06
2020-01-16,LR1(74K),42.78
2020-01-16,MR(50K),35.61
2020-01-09,VLCC(320K),90.33
2020-01-09,SUEZMAX(160K),60.05
2020-01-09,AFRAMAX(110K),47.73
2020-01-09,LR2(110K),48.93
2020-01-09,LR1(74K),42.47
2020-01-09,MR(50K),35.17
2019-12-19,VLCC(320K),90.42
2019-12-19,SUEZMAX(160K),60.07
2019-12-19,AFRAMAX(110K),47.81
2019-12-19,LR2(110K),49.07
2019-12-19,LR1(74K),42.47
2019-12-19,MR(50K),35.28
2019-12-12,VLCC(320K),90.51
2019-12-12,SUEZMAX(160K),60.14
2019-12-12,AFRAMAX(110K),47.92
2019-12-12,LR2(110K),49.13
2019-12-12,LR1(74K),42.51
2019-12-12,MR(50K),35.34
2019-12-05,VLCC(320K),90.52
2019-12-05,SUEZMAX(160K),60.17
2019-12-05,AFRAMAX(110K),48.02
2019-12-05,LR2(110K),49.14
2019-12-05,LR1(74K),42.56
2019-12-05,MR(50K),35.43
2019-11-28,VLCC(320K),90.5
2019-11-28,SUEZMAX(160K),60.36
2019-11-28,AFRAMAX(110K),47.99
2019-11-28,LR2(110K),49.24
2019-11-28,LR1(74K),42.63
2019-11-28,MR(50K),35.56
2019-11-21,VLCC(320K),90.31
2019-11-21,SUEZMAX(160K),59.97
2019-11-21,AFRAMAX(110K),48.02
2019-11-21,LR2(110K),49.26
2019-11-21,LR1(74K),42.19
2019-11-21,MR(50K),35.27
2019-11-14,VLCC(320K),90.28
2019-11-14,SUEZMAX(160K),59.84
2019-11-14,AFRAMAX(110K),47.68
2019-11-14,LR2(110K),49.13
2019-11-14,LR1(74K),42.21
2019-11-14,MR(50K),35.26
2019-11-07,VLCC(320K),90.24
2019-11-07,SUEZMAX(160K),59.8
2019-11-07,AFRAMAX(110K),47.67
2019-11-07,LR2(110K),49.13
2019-11-07,LR1(74K),42.25
2019-11-07,MR(50K),35.29
2019-10-31,VLCC(320K),90.34
2019-10-31,SUEZMAX(160K),59.91
2019-10-31,AFRAMAX(110K),47.69
2019-10-31,LR2(110K),49.17
2019-10-31,LR1(74K),42.31
2019-10-31,MR(50K),35.41
2019-10-24,VLCC(320K),90.25
2019-10-24,SUEZMAX(160K),59.93
2019-10-24,AFRAMAX(110K),47.79
2019-10-24,LR2(110K),49.24
2019-10-24,LR1(74K),42.62
2019-10-24,MR(50K),35.41
2019-10-17,VLCC(320K),90.34
2019-10-17,SUEZMAX(160K),60.01
2019-10-17,AFRAMAX(110K),47.64
2019-10-17,LR2(110K),49.09
2019-10-17,LR1(74K),42.47
2019-10-17,MR(50K),35.41
2019-10-10,VLCC(320K),90.4
2019-10-10,SUEZMAX(160K),60.04
2019-10-10,AFRAMAX(110K),47.68
2019-10-10,LR2(110K),49.14
2019-10-10,LR1(74K),42.67
2019-10-10,MR(50K),35.47
2019-10-03,VLCC(320K),90.38
2019-10-03,SUEZMAX(160K),60.06
2019-10-03,AFRAMAX(110K),47.69
2019-10-03,LR2(110K),49.15
2019-10-03,LR1(74K),42.69
2019-10-03,MR(50K),35.47
2019-09-26,VLCC(320K),90.36
2019-09-26,SUEZMAX(160K),60.03
2019-09-26,AFRAMAX(110K),47.69
2019-09-26,LR2(110K),48.41
2019-09-26,LR1(74K),42.72
2019-09-26,MR(50K),35.46
2019-09-19,VLCC(320K),90.36
2019-09-19,SUEZMAX(160K),59.93
2019-09-19,AFRAMAX(110K),47.69
2019-09-19,LR2(110K),49.27
2019-09-19,LR1(74K),42.74
2019-09-19,MR(50K),35.49
2019-09-12,VLCC(320K),90.36
2019-09-12,SUEZMAX(160K),59.94
2019-09-12,AFRAMAX(110K),47.71
2019-09-12,LR2(110K),49.26
2019-09-12,LR1(74K),42.79
2019-09-12,MR(50K),35.49
2019-09-05,VLCC(320K),90.36
2019-09-05,SUEZMAX(160K),59.95
2019-09-05,AFRAMAX(110K),47.71
2019-09-05,LR2(110K),49.26
2019-09-05,LR1(74K),42.8
2019-09-05,MR(50K),35.49
2019-08-29,VLCC(320K),90.38
2019-08-29,SUEZMAX(160K),59.96
2019-08-29,AFRAMAX(110K),47.68
2019-08-29,LR2(110K),49.22
2019-08-29,LR1(74K),42.8
2019-08-29,MR(50K),35.49
2019-08-22,VLCC(320K),90.46
2019-08-22,SUEZMAX(160K),60.02
2019-08-22,AFRAMAX(110K),47.71
2019-08-22,LR2(110K),49.26
2019-08-22,LR1(74K),42.89
2019-08-22,MR(50K),35.52
2019-08-15,VLCC(320K),90.52
2019-08-15,SUEZMAX(160K),60.03
2019-08-15,AFRAMAX(110K),47.72
2019-08-15,LR2(110K),49.29
2019-08-15,LR1(74K),42.89
2019-08-15,MR(50K),35.53
2019-08-08,VLCC(320K),90.52
2019-08-08,SUEZMAX(160K),60.01
2019-08-08,AFRAMAX(110K),47.7
2019-08-08,LR2(110K),49.24
2019-08-08,LR1(74K),42.85
2019-08-08,MR(50K),35.52
2019-08-01,VLCC(320K),89.94
2019-08-01,SUEZMAX(160K),60.03
2019-08-01,AFRAMAX(110K),47.69
2019-08-01,LR2(110K),49.24
2019-08-01,LR1(74K),42.88
2019-08-01,MR(50K),35.52
2019-07-25,VLCC(320K),89.94
2019-07-25,SUEZMAX(160K),60.03
2019-07-25,AFRAMAX(110K),47.71
2019-07-25,LR2(110K),49.26
2019-07-25,LR1(74K),42.9
2019-07-25,MR(50K),35.54
2019-07-18,VLCC(320K),89.93
2019-07-18,SUEZMAX(160K),60.05
2019-07-18,AFRAMAX(110K),47.73
2019-07-18,LR2(110K),49.25
2019-07-18,LR1(74K),42.9
2019-07-18,MR(50K),35.53
2019-07-11,VLCC(320K),89.98
2019-07-11,SUEZMAX(160K),60.09
2019-07-11,AFRAMAX(110K),47.76
2019-07-11,LR2(110K),49.31
2019-07-11,LR1(74K),42.92
2019-07-11,MR(50K),35.53
2019-07-04,VLCC(320K),90.15
2019-07-04,SUEZMAX(160K),60.16
2019-07-04,AFRAMAX(110K),47.87
2019-07-04,LR2(110K),49.43
2019-07-04,LR1(74K),42.99
2019-07-04,MR(50K),35.6
2019-06-27,VLCC(320K),90.15
2019-06-27,SUEZMAX(160K),60.17
2019-06-27,AFRAMAX(110K),47.87
2019-06-27,LR2(110K),49.44
2019-06-27,LR1(74K),42.96
2019-06-27,MR(50K),35.71
2019-06-20,VLCC(320K),90.15
2019-06-20,SUEZMAX(160K),60.18
2019-06-20,AFRAMAX(110K),47.87
2019-06-20,LR2(110K),49.44
2019-06-20,LR1(74K),42.96
2019-06-20,MR(50K),35.71
2019-06-13,VLCC(320K),90.15
2019-06-13,SUEZMAX(160K),60.15
2019-06-13,AFRAMAX(110K),47.84
2019-06-13,LR2(110K),49.4
2019-06-13,LR1(74K),43.01
2019-06-13,MR(50K),35.71
2019-06-06,VLCC(320K),90.16
2019-06-06,SUEZMAX(160K),60.15
2019-06-06,AFRAMAX(110K),47.85
2019-06-06,LR2(110K),49.43
2019-06-06,LR1(74K),43.04
2019-06-06,MR(50K),35.71
2019-05-30,VLCC(320K),90.21
2019-05-30,SUEZMAX(160K),60.13
2019-05-30,AFRAMAX(110K),47.83
2019-05-30,LR2(110K),49.41
2019-05-30,LR1(74K),43.02
2019-05-30,MR(50K),35.63
2019-05-23,VLCC(320K),90.18
2019-05-23,SUEZMAX(160K),60.13
2019-05-23,AFRAMAX(110K),47.81
2019-05-23,LR2(110K),49.39
2019-05-23,LR1(74K),43.06
2019-05-23,MR(50K),35.56
2019-05-16,VLCC(320K),90.13
2019-05-16,SUEZMAX(160K),60.05
2019-05-16,AFRAMAX(110K),47.79
2019-05-16,LR2(110K),49.31
2019-05-16,LR1(74K),43.1
2019-05-16,MR(50K),35.59
2019-05-09,VLCC(320K),90.11
2019-05-09,SUEZMAX(160K),60.04
2019-05-09,AFRAMAX(110K),47.76
2019-05-09,LR2(110K),49.31
2019-05-09,LR1(74K),43.12
2019-05-09,MR(50K),35.58
2019-05-02,VLCC(320K),90.09
2019-05-02,SUEZMAX(160K),60.09
2019-05-02,AFRAMAX(110K),47.78
2019-05-02,LR2(110K),49.36
2019-05-02,LR1(74K),43.13
2019-05-02,MR(50K),35.59
2019-04-25,VLCC(320K),90.1
2019-04-25,SUEZMAX(160K),60.1
2019-04-25,AFRAMAX(110K),47.83
2019-04-25,LR2(110K),49.4
2019-04-25,LR1(74K),43.16
2019-04-25,MR(50K),35.61
2019-04-18,VLCC(320K),90.1
2019-04-18,SUEZMAX(160K),60.13
2019-04-18,AFRAMAX(110K),47.85
2019-04-18,LR2(110K),49.41
2019-04-18,LR1(74K),43.24
2019-04-18,MR(50K),35.66
2019-04-11,VLCC(320K),90.1
2019-04-11,SUEZMAX(160K),60.14
2019-04-11,AFRAMAX(110K),47.86
2019-04-11,LR2(110K),49.43
2019-04-11,LR1(74K),43.26
2019-04-11,MR(50K),35.66
2019-04-04,VLCC(320K),90.09
2019-04-04,SUEZMAX(160K),60.03
2019-04-04,AFRAMAX(110K),47.86
2019-04-04,LR2(110K),49.44
2019-04-04,LR1(74K),43.26
2019-04-04,MR(50K),35.66
2019-03-28,VLCC(320K),90.2
2019-03-28,SUEZMAX(160K),60.09
2019-03-28,AFRAMAX(110K),47.88
2019-03-28,LR2(110K),49.46
2019-03-28,LR1(74K),43.26
2019-03-28,MR(50K),35.66
2019-03-21,VLCC(320K),90.2
2019-03-21,SUEZMAX(160K),60.08
2019-03-21,AFRAMAX(110K),47.89
2019-03-21,LR2(110K),49.46
2019-03-21,LR1(74K),43.26
2019-03-21,MR(50K),35.66
2019-03-14,VLCC(320K),90.2
2019-03-14,SUEZMAX(160K),60.08
2019-03-14,AFRAMAX(110K),47.89
2019-03-14,LR2(110K),49.46
2019-03-14,LR1(74K),43.26
2019-03-14,MR(50K),35.68
2019-03-07,VLCC(320K),90.19
2019-03-07,SUEZMAX(160K),60.08
2019-03-07,AFRAMAX(110K),47.89
2019-03-07,LR2(110K),49.46
2019-03-07,LR1(74K),43.26
2019-03-07,MR(50K),35.68
2019-02-28,VLCC(320K),90.11
2019-02-28,SUEZMAX(160K),60.04
2019-02-28,AFRAMAX(110K),47.83
2019-02-28,LR2(110K),49.44
2019-02-28,LR1(74K),43.26
2019-02-28,MR(50K),35.68
2019-02-21,VLCC(320K),90.08
2019-02-21,SUEZMAX(160K),60.03
2019-02-21,AFRAMAX(110K),47.83
2019-02-21,LR2(110K),49.47
2019-02-21,LR1(74K),43.3
2019-02-21,MR(50K),35.69
2019-02-14,VLCC(320K),90.0
2019-02-14,SUEZMAX(160K),59.96
2019-02-14,AFRAMAX(110K),47.74
2019-02-14,LR2(110K),49.46
2019-02-14,LR1(74K),43.3
2019-02-14,MR(50K),35.54
2019-02-07,VLCC(320K),89.95
2019-02-07,SUEZMAX(160K),59.92
2019-02-07,AFRAMAX(110K),47.68
2019-02-07,LR2(110K),49.42
2019-02-07,LR1(74K),43.24
2019-02-07,MR(50K),35.54
2019-01-31,VLCC(320K),89.95
2019-01-31,SUEZMAX(160K),59.92
2019-01-31,AFRAMAX(110K),47.68
2019-01-31,LR2(110K),49.42
2019-01-31,LR1(74K),43.2
2019-01-31,MR(50K),35.54
2019-01-24,VLCC(320K),89.64
2019-01-24,SUEZMAX(160K),59.87
2019-01-24,AFRAMAX(110K),47.64
2019-01-24,LR2(110K),49.36
2019-01-24,LR1(74K),43.1
2019-01-24,MR(50K),35.5
2019-01-17,VLCC(320K),89.44
2019-01-17,SUEZMAX(160K),59.63
2019-01-17,AFRAMAX(110K),47.49
2019-01-17,LR2(110K),49.29
2019-01-17,LR1(74K),42.98
2019-01-17,MR(50K),35.5
2019-01-10,VLCC(320K),89.33
2019-01-10,SUEZMAX(160K),59.48
2019-01-10,AFRAMAX(110K),47.41
2019-01-10,LR2(110K),49.17
2019-01-10,LR1(74K),42.92
2019-01-10,MR(50K),35.48
2019-01-03,VLCC(320K),89.21
2019-01-03,SUEZMAX(160K),59.41
2019-01-03,AFRAMAX(110K),47.33
2019-01-03,LR2(110K),49.13
2019-01-03,LR1(74K),42.88
2019-01-03,MR(50K),35.35
2018-12-27,VLCC(320K),89.19
2018-12-27,SUEZMAX(160K),59.37
2018-12-27,AFRAMAX(110K),47.33
2018-12-27,LR2(110K),49.11
2018-12-27,LR1(74K),42.88
2018-12-27,MR(50K),35.34
2018-12-20,VLCC(320K),89.19
2018-12-20,SUEZMAX(160K),59.33
2018-12-20,AFRAMAX(110K),47.31
2018-12-20,LR2(110K),49.1
2018-12-20,LR1(74K),42.84
2018-12-20,MR(50K),35.27
2018-12-13,VLCC(320K),89.02
2018-12-13,SUEZMAX(160K),59.22
2018-12-13,AFRAMAX(110K),47.2
2018-12-13,LR2(110K),49.14
2018-12-13,LR1(74K),42.84
2018-12-13,MR(50K),35.22
2018-12-06,VLCC(320K),88.91
2018-12-06,SUEZMAX(160K),59.04
2018-12-06,AFRAMAX(110K),47.19
2018-12-06,LR2(110K),49.07
2018-12-06,LR1(74K),42.8
2018-12-06,MR(50K),35.22
2018-11-29,VLCC(320K),88.9
2018-11-29,SUEZMAX(160K),58.98
2018-11-29,AFRAMAX(110K),47.15
2018-11-29,LR2(110K),48.96
2018-11-29,LR1(74K),42.78
2018-11-29,MR(50K),35.21
2018-11-22,VLCC(320K),88.9
2018-11-22,SUEZMAX(160K),58.93
2018-11-22,AFRAMAX(110K),47.09
2018-11-22,LR2(110K),48.93
2018-11-22,LR1(74K),42.78
2018-11-22,MR(50K),35.03
2018-11-15,VLCC(320K),88.75
2018-11-15,SUEZMAX(160K),58.8
2018-11-15,AFRAMAX(110K),46.99
2018-11-15,LR2(110K),48.83
2018-11-15,LR1(74K),42.76
2018-11-15,MR(50K),34.99
2018-11-08,VLCC(320K),88.75
2018-11-08,SUEZMAX(160K),58.76
2018-11-08,AFRAMAX(110K),46.99
2018-11-08,LR2(110K),48.83
2018-11-08,LR1(74K),42.76
2018-11-08,MR(50K),34.93
2018-11-01,VLCC(320K),88.5
2018-11-01,SUEZMAX(160K),58.71
2018-11-01,AFRAMAX(110K),46.89
2018-11-01,LR2(110K),48.67
2018-11-01,LR1(74K),42.8
2018-11-01,MR(50K),34.88
2018-10-25,VLCC(320K),88.19
2018-10-25,SUEZMAX(160K),58.69
2018-10-25,AFRAMAX(110K),46.82
2018-10-25,LR2(110K),48.53
2018-10-25,LR1(74K),42.8
2018-10-25,MR(50K),34.88
2018-10-18,VLCC(320K),87.98
2018-10-18,SUEZMAX(160K),58.43
2018-10-18,AFRAMAX(110K),46.76
2018-10-18,LR2(110K),48.39
2018-10-18,LR1(74K),42.7
2018-10-18,MR(50K),34.81
2018-10-11,VLCC(320K),87.91
2018-10-11,SUEZMAX(160K),58.38
2018-10-11,AFRAMAX(110K),46.78
2018-10-11,LR2(110K),48.29
2018-10-11,LR1(74K),42.72
2018-10-11,MR(50K),34.88
2018-10-04,VLCC(320K),87.59
2018-10-04,SUEZMAX(160K),58.26
2018-10-04,AFRAMAX(110K),46.69
2018-10-04,LR2(110K),48.1
2018-10-04,LR1(74K),42.52
2018-10-04,MR(50K),34.8
2018-09-27,VLCC(320K),87.63
2018-09-27,SUEZMAX(160K),58.26
2018-09-27,AFRAMAX(110K),46.69
2018-09-27,LR2(110K),48.1
2018-09-27,LR1(74K),42.47
2018-09-27,MR(50K),34.8
2018-09-20,VLCC(320K),87.29
2018-09-20,SUEZMAX(160K),58.03
2018-09-20,AFRAMAX(110K),46.44
2018-09-20,LR2(110K),47.89
2018-09-20,LR1(74K),42.28
2018-09-20,MR(50K),34.8
2018-09-13,VLCC(320K),87.22
2018-09-13,SUEZMAX(160K),57.94
2018-09-13,AFRAMAX(110K),46.44
2018-09-13,LR2(110K),47.88
2018-09-13,LR1(74K),42.28
2018-09-13,MR(50K),34.76
2018-09-06,VLCC(320K),87.13
2018-09-06,SUEZMAX(160K),57.92
2018-09-06,AFRAMAX(110K),46.46
2018-09-06,LR2(110K),47.84
2018-09-06,LR1(74K),42.26
2018-09-06,MR(50K),34.71
2018-08-30,VLCC(320K),87.04
2018-08-30,SUEZMAX(160K),57.81
2018-08-30,AFRAMAX(110K),46.42
2018-08-30,LR2(110K),47.75
2018-08-30,LR1(74K),42.22
2018-08-30,MR(50K),34.68
2018-08-23,VLCC(320K),86.98
2018-08-23,SUEZMAX(160K),57.74
2018-08-23,AFRAMAX(110K),46.34
2018-08-23,LR2(110K),47.72
2018-08-23,LR1(74K),42.22
2018-08-23,MR(50K),34.66
2018-08-16,VLCC(320K),86.76
2018-08-16,SUEZMAX(160K),57.63
2018-08-16,AFRAMAX(110K),46.05
2018-08-16,LR2(110K),47.59
2018-08-16,LR1(74K),42.2
2018-08-16,MR(50K),34.64
2018-08-09,VLCC(320K),86.64
2018-08-09,SUEZMAX(160K),57.63
2018-08-09,AFRAMAX(110K),46.05
2018-08-09,LR2(110K),47.57
2018-08-09,LR1(74K),42.2
2018-08-09,MR(50K),34.64
2018-08-02,VLCC(320K),86.6
2018-08-02,SUEZMAX(160K),57.61
2018-08-02,AFRAMAX(110K),45.99
2018-08-02,LR2(110K),47.5
2018-08-02,LR1(74K),42.2
2018-08-02,MR(50K),34.59
2018-07-26,VLCC(320K),86.5
2018-07-26,SUEZMAX(160K),57.59
2018-07-26,AFRAMAX(110K),45.91
2018-07-26,LR2(110K),47.49
2018-07-26,LR1(74K),42.16
2018-07-26,MR(50K),34.58
2018-07-19,VLCC(320K),86.38
2018-07-19,SUEZMAX(160K),57.55
2018-07-19,AFRAMAX(110K),45.79
2018-07-19,LR2(110K),47.33
2018-07-19,LR1(74K),42.07
2018-07-19,MR(50K),34.54
2018-07-12,VLCC(320K),86.13
2018-07-12,SUEZMAX(160K),57.53
2018-07-12,AFRAMAX(110K),45.69
2018-07-12,LR2(110K),47.29
2018-07-12,LR1(74K),42.07
2018-07-12,MR(50K),34.54
2018-07-05,VLCC(320K),85.69
2018-07-05,SUEZMAX(160K),57.5
2018-07-05,AFRAMAX(110K),45.49
2018-07-05,LR2(110K),47.09
2018-07-05,LR1(74K),42.07
2018-07-05,MR(50K),34.61
2018-06-28,VLCC(320K),85.64
2018-06-28,SUEZMAX(160K),57.6
2018-06-28,AFRAMAX(110K),45.54
2018-06-28,LR2(110K),47.16
2018-06-28,LR1(74K),42.09
2018-06-28,MR(50K),34.61
2018-06-21,VLCC(320K),86.01
2018-06-21,SUEZMAX(160K),57.7
2018-06-21,AFRAMAX(110K),45.7
2018-06-21,LR2(110K),47.35
2018-06-21,LR1(74K),42.34
2018-06-21,MR(50K),34.94
2018-06-14,VLCC(320K),85.99
2018-06-14,SUEZMAX(160K),57.67
2018-06-14,AFRAMAX(110K),45.69
2018-06-14,LR2(110K),47.3
2018-06-14,LR1(74K),42.31
2018-06-14,MR(50K),34.94
2018-06-07,VLCC(320K),85.59
2018-06-07,SUEZMAX(160K),57.44
2018-06-07,AFRAMAX(110K),45.39
2018-06-07,LR2(110K),47.1
2018-06-07,LR1(74K),42.25
2018-06-07,MR(50K),34.86
2018-05-31,VLCC(320K),85.11
2018-05-31,SUEZMAX(160K),57.3
2018-05-31,AFRAMAX(110K),45.03
2018-05-31,LR2(110K),46.68
2018-05-31,LR1(74K),42.1
2018-05-31,MR(50K),34.96
2018-05-24,VLCC(320K),85.14
2018-05-24,SUEZMAX(160K),57.3
2018-05-24,AFRAMAX(110K),44.94
2018-05-24,LR2(110K),46.58
2018-05-24,LR1(74K),42.1
2018-05-24,MR(50K),35.0
2018-05-17,VLCC(320K),85.11
2018-05-17,SUEZMAX(160K),57.26
2018-05-17,AFRAMAX(110K),44.87
2018-05-17,LR2(110K),46.48
2018-05-17,LR1(74K),42.03
2018-05-17,MR(50K),35.01
2018-05-10,VLCC(320K),85.11
2018-05-10,SUEZMAX(160K),57.26
2018-05-10,AFRAMAX(110K),44.87
2018-05-10,LR2(110K),46.47
2018-05-10,LR1(74K),42.02
2018-05-10,MR(50K),34.86
2018-05-03,VLCC(320K),84.9
2018-05-03,SUEZMAX(160K),57.11
2018-05-03,AFRAMAX(110K),44.7
2018-05-03,LR2(110K),46.45
2018-05-03,LR1(74K),42.02
2018-05-03,MR(50K),34.86
2018-04-26,VLCC(320K),84.96
2018-04-26,SUEZMAX(160K),56.96
2018-04-26,AFRAMAX(110K),44.81
2018-04-26,LR2(110K),46.18
2018-04-26,LR1(74K),42.03
2018-04-26,MR(50K),34.87
2018-04-19,VLCC(320K),84.9
2018-04-19,SUEZMAX(160K),56.86
2018-04-19,AFRAMAX(110K),44.76
2018-04-19,LR2(110K),46.1
2018-04-19,LR1(74K),41.87
2018-04-19,MR(50K),34.9
2018-04-12,VLCC(320K),85.1
2018-04-12,SUEZMAX(160K),56.66
2018-04-12,AFRAMAX(110K),44.72
2018-04-12,LR2(110K),46.05
2018-04-12,LR1(74K),41.93
2018-04-12,MR(50K),34.8
2018-04-05,VLCC(320K),84.8
2018-04-05,SUEZMAX(160K),56.56
2018-04-05,AFRAMAX(110K),44.72
2018-04-05,LR2(110K),45.68
2018-04-05,LR1(74K),41.93
2018-04-05,MR(50K),34.8
2018-03-29,VLCC(320K),84.6
2018-03-29,SUEZMAX(160K),56.3
2018-03-29,AFRAMAX(110K),44.5
2018-03-29,LR2(110K),45.63
2018-03-29,LR1(74K),41.5
2018-03-29,MR(50K),34.6
2018-03-22,VLCC(320K),83.32
2018-03-22,SUEZMAX(160K),55.94
2018-03-22,AFRAMAX(110K),44.3
2018-03-22,LR2(110K),45.45
2018-03-22,LR1(74K),41.17
2018-03-22,MR(50K),34.3
2018-03-15,VLCC(320K),82.7
2018-03-15,SUEZMAX(160K),55.54
2018-03-15,AFRAMAX(110K),44.1
2018-03-15,LR2(110K),45.22
2018-03-15,LR1(74K),41.17
2018-03-15,MR(50K),34.08
2018-03-08,VLCC(320K),82.3
2018-03-08,SUEZMAX(160K),55.34
2018-03-08,AFRAMAX(110K),44.02
2018-03-08,LR2(110K),45.22
2018-03-08,LR1(74K),41.0
2018-03-08,MR(50K),33.98
2018-03-01,VLCC(320K),81.9
2018-03-01,SUEZMAX(160K),54.9
2018-03-01,AFRAMAX(110K),44.02
2018-03-01,LR2(110K),45.19
2018-03-01,LR1(74K),40.9
2018-03-01,MR(50K),33.86
2018-02-22,VLCC(320K),81.7
2018-02-22,SUEZMAX(160K),54.75
2018-02-22,AFRAMAX(110K),44.02
2018-02-22,LR2(110K),45.15
2018-02-22,LR1(74K),40.83
2018-02-22,MR(50K),33.66
2018-02-15,VLCC(320K),81.32
2018-02-15,SUEZMAX(160K),54.68
2018-02-15,AFRAMAX(110K),43.98
2018-02-15,LR2(110K),45.1
2018-02-15,LR1(74K),40.7
2018-02-15,MR(50K),33.38
2018-02-08,VLCC(320K),81.22
2018-02-08,SUEZMAX(160K),54.68
2018-02-08,AFRAMAX(110K),43.98
2018-02-08,LR2(110K),45.1
2018-02-08,LR1(74K),40.7
2018-02-08,MR(50K),33.33
2018-02-01,VLCC(320K),81.12
2018-02-01,SUEZMAX(160K),54.58
2018-02-01,AFRAMAX(110K),43.88
2018-02-01,LR2(110K),45.1
2018-02-01,LR1(74K),40.63
2018-02-01,MR(50K),33.29
2018-01-25,VLCC(320K),81.1
2018-01-25,SUEZMAX(160K),54.56
2018-01-25,AFRAMAX(110K),43.86
2018-01-25,LR2(110K),45.0
2018-01-25,LR1(74K),40.53
2018-01-25,MR(50K),33.27
2018-01-18,VLCC(320K),80.96
2018-01-18,SUEZMAX(160K),54.48
2018-01-18,AFRAMAX(110K),43.8
2018-01-18,LR2(110K),44.93
2018-01-18,LR1(74K),40.47
2018-01-18,MR(50K),33.25
2018-01-11,VLCC(320K),80.86
2018-01-11,SUEZMAX(160K),54.18
2018-01-11,AFRAMAX(110K),43.6
2018-01-11,LR2(110K),44.68
2018-01-11,LR1(74K),40.23
2018-01-11,MR(50K),33.2
2018-01-04,VLCC(320K),80.26
2018-01-04,SUEZMAX(160K),53.66
2018-01-04,AFRAMAX(110K),43.26
2018-01-04,LR2(110K),44.38
2018-01-04,LR1(74K),39.93
2018-01-04,MR(50K),33.05
2017-12-21,VLCC(320K),80.08
2017-12-21,SUEZMAX(160K),53.62
2017-12-21,AFRAMAX(110K),43.16
2017-12-21,LR2(110K),44.23
2017-12-21,LR1(74K),39.37
2017-12-21,MR(50K),33.0
2017-12-14,VLCC(320K),80.0
2017-12-14,SUEZMAX(160K),53.62
2017-12-14,AFRAMAX(110K),43.16
2017-12-14,LR2(110K),44.25
2017-12-14,LR1(74K),39.4
2017-12-14,MR(50K),33.02
2017-12-07,VLCC(320K),80.0
2017-12-07,SUEZMAX(160K),53.32
2017-12-07,AFRAMAX(110K),43.16
2017-12-07,LR2(110K),44.25
2017-12-07,LR1(74K),39.4
2017-12-07,MR(50K),33.12
2017-11-30,VLCC(320K),80.1
2017-11-30,SUEZMAX(160K),53.24
2017-11-30,AFRAMAX(110K),42.96
2017-11-30,LR2(110K),44.13
2017-11-30,LR1(74K),39.4
2017-11-30,MR(50K),32.92
2017-11-23,VLCC(320K),79.86
2017-11-23,SUEZMAX(160K),53.2
2017-11-23,AFRAMAX(110K),42.7
2017-11-23,LR2(110K),44.06
2017-11-23,LR1(74K),39.27
2017-11-23,MR(50K),32.86
2017-11-16,VLCC(320K),79.86
2017-11-16,SUEZMAX(160K),53.2
2017-11-16,AFRAMAX(110K),42.7
2017-11-16,LR2(110K),44.06
2017-11-16,LR1(74K),39.27
2017-11-16,MR(50K),32.86
2017-11-09,VLCC(320K),79.86
2017-11-09,SUEZMAX(160K),53.36
2017-11-09,AFRAMAX(110K),42.76
2017-11-09,LR2(110K),44.06
2017-11-09,LR1(74K),39.27
2017-11-09,MR(50K),32.86
2017-11-02,VLCC(320K),79.86
2017-11-02,SUEZMAX(160K),53.46
2017-11-02,AFRAMAX(110K),42.76
2017-11-02,LR2(110K),44.03
2017-11-02,LR1(74K),39.19
2017-11-02,MR(50K),32.82
2017-10-26,VLCC(320K),79.86
2017-10-26,SUEZMAX(160K),53.46
2017-10-26,AFRAMAX(110K),42.76
2017-10-26,LR2(110K),44.03
2017-10-26,LR1(74K),39.19
2017-10-26,MR(50K),32.22
2017-10-19,VLCC(320K),79.86
2017-10-19,SUEZMAX(160K),53.56
2017-10-19,AFRAMAX(110K),42.86
2017-10-19,LR2(110K),44.03
2017-10-19,LR1(74K),39.19
2017-10-19,MR(50K),32.92
2017-10-12,VLCC(320K),79.86
2017-10-12,SUEZMAX(160K),53.46
2017-10-12,AFRAMAX(110K),42.76
2017-10-12,LR2(110K),44.03
2017-10-12,LR1(74K),39.19
2017-10-12,MR(50K),32.82
2017-10-05,VLCC(320K),79.9
2017-10-05,SUEZMAX(160K),53.47
2017-10-05,AFRAMAX(110K),42.76
2017-10-05,LR2(110K),44.03
2017-10-05,LR1(74K),39.17
2017-10-05,MR(50K),32.82
2017-09-28,VLCC(320K),79.9
2017-09-28,SUEZMAX(160K),53.47
2017-09-28,AFRAMAX(110K),42.76
2017-09-28,LR2(110K),44.03
2017-09-28,LR1(74K),39.17
2017-09-28,MR(50K),32.82
2017-09-21,VLCC(320K),79.8
2017-09-21,SUEZMAX(160K),53.47
2017-09-21,AFRAMAX(110K),42.66
2017-09-21,LR2(110K),44.03
2017-09-21,LR1(74K),39.17
2017-09-21,MR(50K),32.82
2017-09-14,VLCC(320K),79.8
2017-09-14,SUEZMAX(160K),53.46
2017-09-14,AFRAMAX(110K),42.58
2017-09-14,LR2(110K),44.0
2017-09-14,LR1(74K),39.1
2017-09-14,MR(50K),32.9
2017-09-07,VLCC(320K),79.5
2017-09-07,SUEZMAX(160K),53.46
2017-09-07,AFRAMAX(110K),42.58
2017-09-07,LR2(110K),44.0
2017-09-07,LR1(74K),39.07
2017-09-07,MR(50K),32.6
2017-08-31,VLCC(320K),79.18
2017-08-31,SUEZMAX(160K),53.32
2017-08-31,AFRAMAX(110K),42.44
2017-08-31,LR2(110K),43.8
2017-08-31,LR1(74K),38.97
2017-08-31,MR(50K),32.48
2017-08-24,VLCC(320K),79.18
2017-08-24,SUEZMAX(160K),53.3
2017-08-24,AFRAMAX(110K),42.4
2017-08-24,LR2(110K),43.75
2017-08-24,LR1(74K),38.87
2017-08-24,MR(50K),32.47
2017-08-17,VLCC(320K),79.18
2017-08-17,SUEZMAX(160K),53.5
2017-08-17,AFRAMAX(110K),42.6
2017-08-17,LR2(110K),43.88
2017-08-17,LR1(74K),39.03
2017-08-17,MR(50K),32.56
2017-08-10,VLCC(320K),79.28
2017-08-10,SUEZMAX(160K),53.69
2017-08-10,AFRAMAX(110K),42.69
2017-08-10,LR2(110K),43.98
2017-08-10,LR1(74K),38.98
2017-08-10,MR(50K),32.64
2017-08-03,VLCC(320K),79.27
2017-08-03,SUEZMAX(160K),53.52
2017-08-03,AFRAMAX(110K),42.5
2017-08-03,LR2(110K),44.09
2017-08-03,LR1(74K),38.97
2017-08-03,MR(50K),32.64
2017-07-27,VLCC(320K),79.47
2017-07-27,SUEZMAX(160K),53.58
2017-07-27,AFRAMAX(110K),42.44
2017-07-27,LR2(110K),44.34
2017-07-27,LR1(74K),39.13
2017-07-27,MR(50K),32.8
2017-07-20,VLCC(320K),79.57
2017-07-20,SUEZMAX(160K),53.58
2017-07-20,AFRAMAX(110K),42.44
2017-07-20,LR2(110K),44.4
2017-07-20,LR1(74K),38.87
2017-07-20,MR(50K),32.7
2017-07-13,VLCC(320K),79.68
2017-07-13,SUEZMAX(160K),53.59
2017-07-13,AFRAMAX(110K),42.44
2017-07-13,LR2(110K),44.4
2017-07-13,LR1(74K),38.87
2017-07-13,MR(50K),32.5
2017-07-06,VLCC(320K),79.67
2017-07-06,SUEZMAX(160K),53.38
2017-07-06,AFRAMAX(110K),42.44
2017-07-06,LR2(110K),44.4
2017-07-06,LR1(74K),38.86
2017-07-06,MR(50K),32.54
2017-06-29,VLCC(320K),79.69
2017-06-29,SUEZMAX(160K),53.38
2017-06-29,AFRAMAX(110K),42.45
2017-06-29,LR2(110K),44.4
2017-06-29,LR1(74K),38.96
2017-06-29,MR(50K),32.8
2017-06-22,VLCC(320K),79.69
2017-06-22,SUEZMAX(160K),53.29
2017-06-22,AFRAMAX(110K),42.56
2017-06-22,LR2(110K),44.6
2017-06-22,LR1(74K),38.97
2017-06-22,MR(50K),33.0
2017-06-15,VLCC(320K),79.59
2017-06-15,SUEZMAX(160K),53.39
2017-06-15,AFRAMAX(110K),42.4
2017-06-15,LR2(110K),44.48
2017-06-15,LR1(74K),38.8
2017-06-15,MR(50K),32.8
2017-06-08,VLCC(320K),79.6
2017-06-08,SUEZMAX(160K),53.8
2017-06-08,AFRAMAX(110K),42.4
2017-06-08,LR2(110K),44.5
2017-06-08,LR1(74K),38.83
2017-06-08,MR(50K),32.8
2017-06-01,VLCC(320K),79.9
2017-06-01,SUEZMAX(160K),52.8
2017-06-01,AFRAMAX(110K),42.4
2017-06-01,LR2(110K),44.13
2017-06-01,LR1(74K),38.0
2017-06-01,MR(50K),32.7
2017-05-25,VLCC(320K),79.5
2017-05-25,SUEZMAX(160K),52.8
2017-05-25,AFRAMAX(110K),42.4
2017-05-25,LR2(110K),44.13
2017-05-25,LR1(74K),38.0
2017-05-25,MR(50K),32.6
2017-05-18,VLCC(320K),79.4
2017-05-18,SUEZMAX(160K),52.8
2017-05-18,AFRAMAX(110K),42.6
2017-05-18,LR2(110K),44.5
2017-05-18,LR1(74K),38.25
2017-05-18,MR(50K),32.67
2017-05-11,VLCC(320K),79.83
2017-05-11,SUEZMAX(160K),52.83
2017-05-11,AFRAMAX(110K),43.0
2017-05-11,LR2(110K),45.0
2017-05-11,LR1(74K),38.5
2017-05-11,MR(50K),32.67
2017-05-04,VLCC(320K),79.83
2017-05-04,SUEZMAX(160K),52.83
2017-05-04,AFRAMAX(110K),43.0
2017-05-04,LR2(110K),45.0
2017-05-04,LR1(74K),38.5
2017-05-04,MR(50K),32.67
2017-04-27,VLCC(320K),79.67
2017-04-27,SUEZMAX(160K),52.67
2017-04-27,AFRAMAX(110K),42.83
2017-04-27,LR2(110K),44.5
2017-04-27,LR1(74K),38.0
2017-04-27,MR(50K),32.67
2017-04-20,VLCC(320K),79.33
2017-04-20,SUEZMAX(160K),52.67
2017-04-20,AFRAMAX(110K),42.83
2017-04-20,LR2(110K),44.5
2017-04-20,LR1(74K),38.0
2017-04-20,MR(50K),32.67
2017-04-13,VLCC(320K),79.33
2017-04-13,SUEZMAX(160K),52.67
2017-04-13,AFRAMAX(110K),42.83
2017-04-13,LR2(110K),44.5
2017-04-13,LR1(74K),38.5
2017-04-13,MR(50K),32.67
2017-04-06,VLCC(320K),79.33
2017-04-06,SUEZMAX(160K),52.67
2017-04-06,AFRAMAX(110K),42.83
2017-04-06,LR2(110K),44.5
2017-04-06,LR1(74K),38.5
2017-04-06,MR(50K),32.67
2017-03-30,VLCC(320K),79.5
2017-03-30,SUEZMAX(160K),52.5
2017-03-30,AFRAMAX(110K),42.75
2017-03-30,LR2(110K),44.5
2017-03-30,LR1(74K),38.5
2017-03-30,MR(50K),32.25
2017-03-23,VLCC(320K),79.75
2017-03-23,SUEZMAX(160K),52.5
2017-03-23,AFRAMAX(110K),42.75
2017-03-23,LR2(110K),44.5
2017-03-23,LR1(74K),39.0
2017-03-23,MR(50K),32.25
2017-03-16,VLCC(320K),80.5
2017-03-16,SUEZMAX(160K),52.75
2017-03-16,AFRAMAX(110K),43.0
2017-03-16,LR2(110K),45.0
2017-03-16,LR1(74K),39.0
2017-03-16,MR(50K),32.25
2017-03-09,VLCC(320K),81.25
2017-03-09,SUEZMAX(160K),53.0
2017-03-09,AFRAMAX(110K),43.75
2017-03-09,LR2(110K),45.5
2017-03-09,LR1(74K),39.5
2017-03-09,MR(50K),32.25
2017-03-02,VLCC(320K),81.5
2017-03-02,SUEZMAX(160K),53.0
2017-03-02,AFRAMAX(110K),43.75
2017-03-02,LR2(110K),45.5
2017-03-02,LR1(74K),39.5
2017-03-02,MR(50K),32.25
2017-02-23,VLCC(320K),81.5
2017-02-23,SUEZMAX(160K),53.0
2017-02-23,AFRAMAX(110K),43.75
2017-02-23,LR2(110K),45.5
2017-02-23,LR1(74K),39.75
2017-02-23,MR(50K),32.25
2017-02-16,VLCC(320K),81.5
2017-02-16,SUEZMAX(160K),53.0
2017-02-16,AFRAMAX(110K),43.75
2017-02-16,LR2(110K),45.5
2017-02-16,LR1(74K),40.0
2017-02-16,MR(50K),32.25
2017-02-09,VLCC(320K),82.25
2017-02-09,SUEZMAX(160K),53.0
2017-02-09,AFRAMAX(110K),43.75
2017-02-09,LR2(110K),45.5
2017-02-09,LR1(74K),40.0
2017-02-09,MR(50K),32.25
2017-02-02,VLCC(320K),82.5
2017-02-02,SUEZMAX(160K),53.0
2017-02-02,AFRAMAX(110K),43.75
2017-02-02,LR2(110K),45.5
2017-02-02,LR1(74K),40.0
2017-02-02,MR(50K),32.25
2017-01-26,VLCC(320K),83.25
2017-01-26,SUEZMAX(160K),53.75
2017-01-26,AFRAMAX(110K),43.88
2017-01-26,LR2(110K),46.0
2017-01-26,LR1(74K),40.25
2017-01-26,MR(50K),32.25
2017-01-19,VLCC(320K),83.75
2017-01-19,SUEZMAX(160K),54.25
2017-01-19,AFRAMAX(110K),44.25
2017-01-19,LR2(110K),46.25
2017-01-19,LR1(74K),40.25
2017-01-19,MR(50K),32.5
2017-01-12,VLCC(320K),83.75
2017-01-12,SUEZMAX(160K),54.38
2017-01-12,AFRAMAX(110K),44.38
2017-01-12,LR2(110K),46.25
2017-01-12,LR1(74K),40.25
2017-01-12,MR(50K),32.5
2017-01-05,VLCC(320K),83.88
2017-01-05,SUEZMAX(160K),54.38
2017-01-05,AFRAMAX(110K),44.38
2017-01-05,LR2(110K),46.25
2017-01-05,LR1(74K),40.25
2017-01-05,MR(50K),32.5
2016-12-29,VLCC(320K),83.88
2016-12-29,SUEZMAX(160K),54.38
2016-12-29,AFRAMAX(110K),44.38
2016-12-29,LR2(110K),46.25
2016-12-29,LR1(74K),40.25
2016-12-29,MR(50K),32.5
2016-12-22,VLCC(320K),84.0
2016-12-22,SUEZMAX(160K),54.38
2016-12-22,AFRAMAX(110K),44.38
2016-12-22,LR2(110K),46.25
2016-12-22,LR1(74K),40.25
2016-12-22,MR(50K),32.5
2016-12-15,VLCC(320K),83.75
2016-12-15,SUEZMAX(160K),54.13
2016-12-15,AFRAMAX(110K),44.13
2016-12-15,LR2(110K),46.25
2016-12-15,LR1(74K),40.25
2016-12-15,MR(50K),32.25
2016-12-08,VLCC(320K),84.5
2016-12-08,SUEZMAX(160K),54.75
2016-12-08,AFRAMAX(110K),44.75
2016-12-08,LR2(110K),46.25
2016-12-08,LR1(74K),40.5
2016-12-08,MR(50K),32.88
2016-12-01,VLCC(320K),84.5
2016-12-01,SUEZMAX(160K),54.75
2016-12-01,AFRAMAX(110K),44.75
2016-12-01,LR2(110K),46.5
2016-12-01,LR1(74K),40.5
2016-12-01,MR(50K),32.88
2016-11-24,VLCC(320K),84.75
2016-11-24,SUEZMAX(160K),54.88
2016-11-24,AFRAMAX(110K),44.75
2016-11-24,LR2(110K),46.75
2016-11-24,LR1(74K),40.5
2016-11-24,MR(50K),32.88
2016-11-17,VLCC(320K),85.0
2016-11-17,SUEZMAX(160K),55.0
2016-11-17,AFRAMAX(110K),44.88
2016-11-17,LR2(110K),47.0
2016-11-17,LR1(74K),40.5
2016-11-17,MR(50K),32.88
2016-11-10,VLCC(320K),85.0
2016-11-10,SUEZMAX(160K),55.0
2016-11-10,AFRAMAX(110K),45.0
2016-11-10,LR2(110K),47.0
2016-11-10,LR1(74K),40.75
2016-11-10,MR(50K),32.88
2016-11-03,VLCC(320K),85.0
2016-11-03,SUEZMAX(160K),55.0
2016-11-03,AFRAMAX(110K),45.0
2016-11-03,LR2(110K),47.0
2016-11-03,LR1(74K),40.75
2016-11-03,MR(50K),32.88
2016-10-27,VLCC(320K),85.0
2016-10-27,SUEZMAX(160K),55.0
2016-10-27,AFRAMAX(110K),45.0
2016-10-27,LR2(110K),47.0
2016-10-27,LR1(74K),41.0
2016-10-27,MR(50K),32.88
2016-10-20,VLCC(320K),85.0
2016-10-20,SUEZMAX(160K),55.13
2016-10-20,AFRAMAX(110K),45.0
2016-10-20,LR2(110K),47.25
2016-10-20,LR1(74K),41.25
2016-10-20,MR(50K),32.88
2016-10-13,VLCC(320K),85.0
2016-10-13,SUEZMAX(160K),55.13
2016-10-13,AFRAMAX(110K),45.0
2016-10-13,LR2(110K),47.5
2016-10-13,LR1(74K),41.5
2016-10-13,MR(50K),32.88
2016-10-06,VLCC(320K),85.0
2016-10-06,SUEZMAX(160K),55.25
2016-10-06,AFRAMAX(110K),45.0
2016-10-06,LR2(110K),47.5
2016-10-06,LR1(74K),41.5
2016-10-06,MR(50K),32.88
2016-09-29,VLCC(320K),85.0
2016-09-29,SUEZMAX(160K),55.25
2016-09-29,AFRAMAX(110K),45.0
2016-09-29,LR2(110K),47.5
2016-09-29,LR1(74K),41.5
2016-09-29,MR(50K),32.88
2016-09-22,VLCC(320K),85.38
2016-09-22,SUEZMAX(160K),55.63
2016-09-22,AFRAMAX(110K),45.38
2016-09-22,LR2(110K),47.0
2016-09-22,LR1(74K),41.75
2016-09-22,MR(50K),33.0
2016-09-15,VLCC(320K),85.75
2016-09-15,SUEZMAX(160K),55.75
2016-09-15,AFRAMAX(110K),45.75
2016-09-15,LR2(110K),48.0
2016-09-15,LR1(74K),42.0
2016-09-15,MR(50K),33.0
2016-09-08,VLCC(320K),85.75
2016-09-08,SUEZMAX(160K),55.75
2016-09-08,AFRAMAX(110K),45.75
2016-09-08,LR2(110K),48.0
2016-09-08,LR1(74K),42.0
2016-09-08,MR(50K),33.0
2016-09-01,VLCC(320K),85.75
2016-09-01,SUEZMAX(160K),56.0
2016-09-01,AFRAMAX(110K),46.0
2016-09-01,LR2(110K),48.0
2016-09-01,LR1(74K),42.0
2016-09-01,MR(50K),33.0
2016-08-25,VLCC(320K),85.75
2016-08-25,SUEZMAX(160K),56.0
2016-08-25,AFRAMAX(110K),46.0
2016-08-25,LR2(110K),48.0
2016-08-25,LR1(74K),42.0
2016-08-25,MR(50K),33.0
2016-08-18,VLCC(320K),86.0
2016-08-18,SUEZMAX(160K),56.0
2016-08-18,AFRAMAX(110K),46.25
2016-08-18,LR2(110K),48.5
2016-08-18,LR1(74K),42.0
2016-08-18,MR(50K),33.0
2016-08-11,VLCC(320K),86.0
2016-08-11,SUEZMAX(160K),56.0
2016-08-11,AFRAMAX(110K),46.25
2016-08-11,LR2(110K),48.5
2016-08-11,LR1(74K),42.0
2016-08-11,MR(50K),33.0
2016-08-04,VLCC(320K),86.5
2016-08-04,SUEZMAX(160K),56.25
2016-08-04,AFRAMAX(110K),46.25
2016-08-04,LR2(110K),48.5
2016-08-04,LR1(74K),42.0
2016-08-04,MR(50K),33.4
2016-07-28,VLCC(320K),87.0
2016-07-28,SUEZMAX(160K),56.5
2016-07-28,AFRAMAX(110K),46.5
2016-07-28,LR2(110K),49.0
2016-07-28,LR1(74K),42.0
2016-07-28,MR(50K),33.4
2016-07-21,VLCC(320K),87.0
2016-07-21,SUEZMAX(160K),56.5
2016-07-21,AFRAMAX(110K),46.5
2016-07-21,LR2(110K),49.0
2016-07-21,LR1(74K),42.0
2016-07-21,MR(50K),33.4
2016-07-14,VLCC(320K),87.5
2016-07-14,SUEZMAX(160K),57.0
2016-07-14,AFRAMAX(110K),47.0
2016-07-14,LR2(110K),49.5
2016-07-14,LR1(74K),42.0
2016-07-14,MR(50K),33.4
2016-07-07,VLCC(320K),87.75
2016-07-07,SUEZMAX(160K),57.25
2016-07-07,AFRAMAX(110K),47.0
2016-07-07,LR2(110K),49.5
2016-07-07,LR1(74K),42.0
2016-07-07,MR(50K),33.4
2016-06-30,VLCC(320K),88.0
2016-06-30,SUEZMAX(160K),57.5
2016-06-30,AFRAMAX(110K),47.25
2016-06-30,LR2(110K),50.0
2016-06-30,LR1(74K),42.25
2016-06-30,MR(50K),33.4
2016-06-23,VLCC(320K),88.75
2016-06-23,SUEZMAX(160K),58.25
2016-06-23,AFRAMAX(110K),48.0
2016-06-23,LR2(110K),50.5
2016-06-23,LR1(74K),42.5
2016-06-23,MR(50K),33.4
2016-06-16,VLCC(320K),89.0
2016-06-16,SUEZMAX(160K),58.5
2016-06-16,AFRAMAX(110K),48.25
2016-06-16,LR2(110K),50.75
2016-06-16,LR1(74K),42.75
2016-06-16,MR(50K),33.53
2016-06-09,VLCC(320K),89.75
2016-06-09,SUEZMAX(160K),59.25
2016-06-09,AFRAMAX(110K),49.0
2016-06-09,LR2(110K),51.0
2016-06-09,LR1(74K),43.0
2016-06-09,MR(50K),33.9
2016-06-02,VLCC(320K),90.0
2016-06-02,SUEZMAX(160K),59.5
2016-06-02,AFRAMAX(110K),49.25
2016-06-02,LR2(110K),51.5
2016-06-02,LR1(74K),43.5
2016-06-02,MR(50K),34.15
2016-05-27,VLCC(320K),90.25
2016-05-27,SUEZMAX(160K),59.65
2016-05-27,AFRAMAX(110K),49.25
2016-05-27,LR2(110K),51.5
2016-05-27,LR1(74K),43.5
2016-05-27,MR(50K),34.15
2016-05-20,VLCC(320K),91.0
2016-05-20,SUEZMAX(160K),60.25
2016-05-20,AFRAMAX(110K),49.25
2016-05-20,LR2(110K),51.5
2016-05-20,LR1(74K),43.5
2016-05-20,MR(50K),34.25
2016-05-12,VLCC(320K),91.0
2016-05-12,SUEZMAX(160K),60.25
2016-05-12,AFRAMAX(110K),49.25
2016-05-12,LR2(110K),51.5
2016-05-12,LR1(74K),43.5
2016-05-12,MR(50K),34.25
2016-05-04,VLCC(320K),91.5
2016-05-04,SUEZMAX(160K),60.75
2016-05-04,AFRAMAX(110K),49.5
2016-05-04,LR2(110K),51.5
2016-05-04,LR1(74K),43.5
2016-05-04,MR(50K),34.25
2016-04-28,VLCC(320K),91.75
2016-04-28,SUEZMAX(160K),60.75
2016-04-28,AFRAMAX(110K),49.75
2016-04-28,LR2(110K),52.0
2016-04-28,LR1(74K),44.0
2016-04-28,MR(50K),34.5
2016-04-21,VLCC(320K),91.75
2016-04-21,SUEZMAX(160K),60.75
2016-04-21,AFRAMAX(110K),49.75
2016-04-21,LR2(110K),52.0
2016-04-21,LR1(74K),44.0
2016-04-21,MR(50K),34.5
2016-04-14,VLCC(320K),91.75
2016-04-14,SUEZMAX(160K),60.75
2016-04-14,AFRAMAX(110K),49.75
2016-04-14,LR2(110K),52.0
2016-04-14,LR1(74K),44.0
2016-04-14,MR(50K),34.5
2016-04-07,VLCC(320K),91.75
2016-04-07,SUEZMAX(160K),60.75
2016-04-07,AFRAMAX(110K),49.75
2016-04-07,LR2(110K),52.0
2016-04-07,LR1(74K),44.0
2016-04-07,MR(50K),34.5
2016-03-31,VLCC(320K),92.0
2016-03-31,SUEZMAX(160K),60.75
2016-03-31,AFRAMAX(110K),49.75
2016-03-31,LR2(110K),52.0
2016-03-31,LR1(74K),44.0
2016-03-31,MR(50K),34.65
2016-03-24,VLCC(320K),92.0
2016-03-24,SUEZMAX(160K),60.75
2016-03-24,AFRAMAX(110K),49.75
2016-03-24,LR2(110K),52.0
2016-03-24,LR1(74K),44.0
2016-03-24,MR(50K),34.65
2016-03-17,VLCC(320K),92.5
2016-03-17,SUEZMAX(160K),61.5
2016-03-17,AFRAMAX(110K),50.25
2016-03-17,LR2(110K),52.5
2016-03-17,LR1(74K),44.0
2016-03-17,MR(50K),34.75
2016-03-10,VLCC(320K),93.0
2016-03-10,SUEZMAX(160K),61.5
2016-03-10,AFRAMAX(110K),50.25
2016-03-10,LR2(110K),52.5
2016-03-10,LR1(74K),44.0
2016-03-10,MR(50K),35.0
2016-03-03,VLCC(320K),93.25
2016-03-03,SUEZMAX(160K),61.75
2016-03-03,AFRAMAX(110K),50.75
2016-03-03,LR2(110K),52.5
2016-03-03,LR1(74K),44.0
2016-03-03,MR(50K),35.15
2016-02-25,VLCC(320K),93.5
2016-02-25,SUEZMAX(160K),62.0
2016-02-25,AFRAMAX(110K),50.75
2016-02-25,LR2(110K),53.0
2016-02-25,LR1(74K),44.5
2016-02-25,MR(50K),35.25
2016-02-18,VLCC(320K),93.5
2016-02-18,SUEZMAX(160K),62.25
2016-02-18,AFRAMAX(110K),51.0
2016-02-18,LR2(110K),53.5
2016-02-18,LR1(74K),45.0
2016-02-18,MR(50K),35.25
2016-02-11,VLCC(320K),93.5
2016-02-11,SUEZMAX(160K),62.5
2016-02-11,AFRAMAX(110K),51.5
2016-02-11,LR2(110K),54.0
2016-02-11,LR1(74K),45.0
2016-02-11,MR(50K),35.25
2016-02-04,VLCC(320K),93.5
2016-02-04,SUEZMAX(160K),62.5
2016-02-04,AFRAMAX(110K),51.5
2016-02-04,LR2(110K),54.0
2016-02-04,LR1(74K),45.0
2016-02-04,MR(50K),35.25
2016-01-29,VLCC(320K),93.5
2016-01-29,SUEZMAX(160K),63.0
2016-01-29,AFRAMAX(110K),52.0
2016-01-29,LR2(110K),54.0
2016-01-29,LR1(74K),45.0
2016-01-29,MR(50K),35.25
2016-01-22,VLCC(320K),93.5
2016-01-22,SUEZMAX(160K),63.0
2016-01-22,AFRAMAX(110K),52.0
2016-01-22,LR2(110K),54.0
2016-01-22,LR1(74K),45.0
2016-01-22,MR(50K),35.25
2016-01-15,VLCC(320K),93.5
2016-01-15,SUEZMAX(160K),63.0
2016-01-15,AFRAMAX(110K),52.0
2016-01-15,LR2(110K),54.0
2016-01-15,LR1(74K),45.0
2016-01-15,MR(50K),35.25
2016-01-08,VLCC(320K),93.5
2016-01-08,SUEZMAX(160K),63.0
2016-01-08,AFRAMAX(110K),52.0
2016-01-08,LR2(110K),54.0
2016-01-08,LR1(74K),45.0
2016-01-08,MR(50K),35.25
2015-12-18,VLCC(320K),94.75
2015-12-18,SUEZMAX(160K),63.5
2015-12-18,AFRAMAX(110K),52.13
2015-12-18,LR2(110K),54.25
2015-12-18,LR1(74K),45.25
2015-12-18,MR(50K),35.38
2015-12-11,VLCC(320K),94.75
2015-12-11,SUEZMAX(160K),63.5
2015-12-11,AFRAMAX(110K),52.13
2015-12-11,LR2(110K),54.25
2015-12-11,LR1(74K),45.25
2015-12-11,MR(50K),35.38
2015-12-03,VLCC(320K),95.0
2015-12-03,SUEZMAX(160K),63.5
2015-12-03,AFRAMAX(110K),52.13
2015-12-03,LR2(110K),54.25
2015-12-03,LR1(74K),45.25
2015-12-03,MR(50K),35.38
2015-11-26,VLCC(320K),95.0
2015-11-26,SUEZMAX(160K),63.5
2015-11-26,AFRAMAX(110K),52.25
2015-11-26,LR2(110K),54.25
2015-11-26,LR1(74K),45.25
2015-11-26,MR(50K),35.38
2015-11-19,VLCC(320K),95.0
2015-11-19,SUEZMAX(160K),63.5
2015-11-19,AFRAMAX(110K),52.4
2015-11-19,LR2(110K),54.25
2015-11-19,LR1(74K),45.25
2015-11-19,MR(50K),35.38
2015-11-12,VLCC(320K),95.0
2015-11-12,SUEZMAX(160K),63.5
2015-11-12,AFRAMAX(110K),52.4
2015-11-12,LR2(110K),54.5
2015-11-12,LR1(74K),45.5
2015-11-12,MR(50K),35.5
2015-11-05,VLCC(320K),95.25
2015-11-05,SUEZMAX(160K),64.25
2015-11-05,AFRAMAX(110K),52.75
2015-11-05,LR2(110K),54.5
2015-11-05,LR1(74K),45.5
2015-11-05,MR(50K),35.5
2015-10-29,VLCC(320K),95.25
2015-10-29,SUEZMAX(160K),64.25
2015-10-29,AFRAMAX(110K),52.75
2015-10-29,LR2(110K),54.5
2015-10-29,LR1(74K),45.5
2015-10-29,MR(50K),35.5
2015-10-22,VLCC(320K),95.25
2015-10-22,SUEZMAX(160K),64.25
2015-10-22,AFRAMAX(110K),52.75
2015-10-22,LR2(110K),54.5
2015-10-22,LR1(74K),45.5
2015-10-22,MR(50K),35.5
2015-10-15,VLCC(320K),95.5
2015-10-15,SUEZMAX(160K),64.5
2015-10-15,AFRAMAX(110K),53.0
2015-10-15,LR2(110K),55.0
2015-10-15,LR1(74K),45.5
2015-10-15,MR(50K),35.5
2015-10-07,VLCC(320K),95.5
2015-10-07,SUEZMAX(160K),64.5
2015-10-07,AFRAMAX(110K),53.0
2015-10-07,LR2(110K),55.0
2015-10-07,LR1(74K),45.5
2015-10-07,MR(50K),35.5
2015-10-01,VLCC(320K),95.5
2015-10-01,SUEZMAX(160K),64.5
2015-10-01,AFRAMAX(110K),53.0
2015-10-01,LR2(110K),55.0
2015-10-01,LR1(74K),45.5
2015-10-01,MR(50K),35.5
2015-09-23,VLCC(320K),95.5
2015-09-23,SUEZMAX(160K),64.5
2015-09-23,AFRAMAX(110K),53.0
2015-09-23,LR2(110K),55.0
2015-09-23,LR1(74K),45.5
2015-09-23,MR(50K),35.5
2015-09-18,VLCC(320K),95.5
2015-09-18,SUEZMAX(160K),64.5
2015-09-18,AFRAMAX(110K),53.0
2015-09-18,LR2(110K),55.0
2015-09-18,LR1(74K),45.5
2015-09-18,MR(50K),35.5
2015-09-11,VLCC(320K),95.5
2015-09-11,SUEZMAX(160K),64.5
2015-09-11,AFRAMAX(110K),53.0
2015-09-11,LR2(110K),55.0
2015-09-11,LR1(74K),45.5
2015-09-11,MR(50K),35.5
2015-09-04,VLCC(320K),95.5
2015-09-04,SUEZMAX(160K),64.5
2015-09-04,AFRAMAX(110K),53.0
2015-09-04,LR2(110K),55.0
2015-09-04,LR1(74K),45.5
2015-09-04,MR(50K),35.5
2015-08-28,VLCC(320K),95.5
2015-08-28,SUEZMAX(160K),64.5
2015-08-28,AFRAMAX(110K),53.0
2015-08-28,LR2(110K),55.0
2015-08-28,LR1(74K),45.5
2015-08-28,MR(50K),35.5
2015-08-21,VLCC(320K),95.5
2015-08-21,SUEZMAX(160K),64.5
2015-08-21,AFRAMAX(110K),53.0
2015-08-21,LR2(110K),55.0
2015-08-21,LR1(74K),45.5
2015-08-21,MR(50K),35.5
2015-08-14,VLCC(320K),95.5
2015-08-14,SUEZMAX(160K),64.5
2015-08-14,AFRAMAX(110K),53.0
2015-08-14,LR2(110K),55.0
2015-08-14,LR1(74K),45.5
2015-08-14,MR(50K),35.75
2015-08-07,VLCC(320K),95.5
2015-08-07,SUEZMAX(160K),64.5
2015-08-07,AFRAMAX(110K),53.0
2015-08-07,LR2(110K),55.0
2015-08-07,LR1(74K),45.5
2015-08-07,MR(50K),36.0
2015-07-31,VLCC(320K),95.5
2015-07-31,SUEZMAX(160K),64.5
2015-07-31,AFRAMAX(110K),53.0
2015-07-31,LR2(110K),55.0
2015-07-31,LR1(74K),45.5
2015-07-31,MR(50K),36.25
2015-07-24,VLCC(320K),95.5
2015-07-24,SUEZMAX(160K),64.5
2015-07-24,AFRAMAX(110K),53.0
2015-07-24,LR2(110K),55.0
2015-07-24,LR1(74K),45.5
2015-07-24,MR(50K),36.25
2015-07-17,VLCC(320K),95.5
2015-07-17,SUEZMAX(160K),64.5
2015-07-17,AFRAMAX(110K),53.0
2015-07-17,LR2(110K),55.0
2015-07-17,LR1(74K),45.5
2015-07-17,MR(50K),36.25
2015-07-10,VLCC(320K),95.5
2015-07-10,SUEZMAX(160K),64.5
2015-07-10,AFRAMAX(110K),53.0
2015-07-10,LR2(110K),55.0
2015-07-10,LR1(74K),45.5
2015-07-10,MR(50K),36.25
2015-07-03,VLCC(320K),95.5
2015-07-03,SUEZMAX(160K),64.5
2015-07-03,AFRAMAX(110K),53.0
2015-07-03,LR2(110K),55.0
2015-07-03,LR1(74K),45.5
2015-07-03,MR(50K),36.25
2015-06-26,VLCC(320K),95.5
2015-06-26,SUEZMAX(160K),64.5
2015-06-26,AFRAMAX(110K),53.0
2015-06-26,LR2(110K),55.0
2015-06-26,LR1(74K),45.5
2015-06-26,MR(50K),36.25
2015-06-19,VLCC(320K),95.5
2015-06-19,SUEZMAX(160K),64.5
2015-06-19,AFRAMAX(110K),53.0
2015-06-19,LR2(110K),55.0
2015-06-19,LR1(74K),45.5
2015-06-19,MR(50K),36.25
2015-06-12,VLCC(320K),96.0
2015-06-12,SUEZMAX(160K),64.5
2015-06-12,AFRAMAX(110K),53.0
2015-06-12,LR2(110K),55.0
2015-06-12,LR1(74K),45.5
2015-06-12,MR(50K),36.25
2015-06-05,VLCC(320K),96.0
2015-06-05,SUEZMAX(160K),64.75
2015-06-05,AFRAMAX(110K),53.0
2015-06-05,LR2(110K),55.0
2015-06-05,LR1(74K),45.5
2015-06-05,MR(50K),36.25
2015-05-29,VLCC(320K),96.5
2015-05-29,SUEZMAX(160K),65.0
2015-05-29,AFRAMAX(110K),53.25
2015-05-29,LR2(110K),55.0
2015-05-29,LR1(74K),45.5
2015-05-29,MR(50K),36.25
2015-05-22,VLCC(320K),96.5
2015-05-22,SUEZMAX(160K),65.5
2015-05-22,AFRAMAX(110K),53.75
2015-05-22,LR2(110K),55.0
2015-05-22,LR1(74K),45.5
2015-05-22,MR(50K),36.25
2015-05-15,VLCC(320K),96.25
2015-05-15,SUEZMAX(160K),65.0
2015-05-15,AFRAMAX(110K),53.25
2015-05-15,LR2(110K),56.0
2015-05-15,LR1(74K),45.5
2015-05-15,MR(50K),36.25
2015-05-08,VLCC(320K),96.25
2015-05-08,SUEZMAX(160K),65.0
2015-05-08,AFRAMAX(110K),53.25
2015-05-08,LR2(110K),56.0
2015-05-08,LR1(74K),45.5
2015-05-08,MR(50K),36.25
2015-05-01,VLCC(320K),96.25
2015-05-01,SUEZMAX(160K),65.0
2015-05-01,AFRAMAX(110K),53.25
2015-05-01,LR2(110K),56.0
2015-05-01,LR1(74K),45.5
2015-05-01,MR(50K),36.25
2015-04-24,VLCC(320K),96.5
2015-04-24,SUEZMAX(160K),65.0
2015-04-24,AFRAMAX(110K),53.25
2015-04-24,LR2(110K),56.5
2015-04-24,LR1(74K),46.0
2015-04-24,MR(50K),36.25
2015-04-17,VLCC(320K),96.75
2015-04-17,SUEZMAX(160K),65.1
2015-04-17,AFRAMAX(110K),53.5
2015-04-17,LR2(110K),56.5
2015-04-17,LR1(74K),46.0
2015-04-17,MR(50K),36.25
2015-04-10,VLCC(320K),96.75
2015-04-10,SUEZMAX(160K),65.1
2015-04-10,AFRAMAX(110K),53.5
2015-04-10,LR2(110K),56.5
2015-04-10,LR1(74K),46.0
2015-04-10,MR(50K),36.35
2015-04-03,VLCC(320K),96.75
2015-04-03,SUEZMAX(160K),65.1
2015-04-03,AFRAMAX(110K),53.5
2015-04-03,LR2(110K),56.5
2015-04-03,LR1(74K),46.0
2015-04-03,MR(50K),36.35
2015-03-27,VLCC(320K),96.75
2015-03-27,SUEZMAX(160K),65.1
2015-03-27,AFRAMAX(110K),53.5
2015-03-27,LR2(110K),56.5
2015-03-27,LR1(74K),46.0
2015-03-27,MR(50K),36.35
2015-03-20,VLCC(320K),96.75
2015-03-20,SUEZMAX(160K),65.1
2015-03-20,AFRAMAX(110K),53.5
2015-03-20,LR2(110K),56.5
2015-03-20,LR1(74K),46.0
2015-03-20,MR(50K),36.35
2015-03-13,VLCC(320K),96.75
2015-03-13,SUEZMAX(160K),65.1
2015-03-13,AFRAMAX(110K),53.5
2015-03-13,LR2(110K),56.5
2015-03-13,LR1(74K),46.0
2015-03-13,MR(50K),36.35
2015-03-06,VLCC(320K),96.75
2015-03-06,SUEZMAX(160K),65.1
2015-03-06,AFRAMAX(110K),53.5
2015-03-06,LR2(110K),56.5
2015-03-06,LR1(74K),46.0
2015-03-06,MR(50K),36.35
2015-02-27,VLCC(320K),96.75
2015-02-27,SUEZMAX(160K),65.1
2015-02-27,AFRAMAX(110K),53.5
2015-02-27,LR2(110K),56.5
2015-02-27,LR1(74K),46.0
2015-02-27,MR(50K),36.35
2015-02-13,VLCC(320K),96.75
2015-02-13,SUEZMAX(160K),65.1
2015-02-13,AFRAMAX(110K),53.5
2015-02-13,LR2(110K),56.5
2015-02-13,LR1(74K),46.0
2015-02-13,MR(50K),36.35
2015-02-06,VLCC(320K),96.75
2015-02-06,SUEZMAX(160K),65.1
2015-02-06,AFRAMAX(110K),53.5
2015-02-06,LR2(110K),56.5
2015-02-06,LR1(74K),46.0
2015-02-06,MR(50K),36.35
2015-01-30,VLCC(320K),96.75
2015-01-30,SUEZMAX(160K),65.1
2015-01-30,AFRAMAX(110K),53.5
2015-01-30,LR2(110K),56.5
2015-01-30,LR1(74K),46.0
2015-01-30,MR(50K),36.35
2015-01-23,VLCC(320K),96.75
2015-01-23,SUEZMAX(160K),65.1
2015-01-23,AFRAMAX(110K),53.5
2015-01-23,LR2(110K),57.0
2015-01-23,LR1(74K),46.0
2015-01-23,MR(50K),36.35
2014-12-19,VLCC(320K),97.25
2014-12-19,SUEZMAX(160K),65.25
2014-12-19,AFRAMAX(110K),54.0
2014-12-19,LR2(110K),57.0
2014-12-19,LR1(74K),46.0
2014-12-19,MR(50K),36.5
2014-12-12,VLCC(320K),97.0
2014-12-12,SUEZMAX(160K),65.25
2014-12-12,AFRAMAX(110K),54.0
2014-12-12,LR2(110K),57.0
2014-12-12,LR1(74K),46.0
2014-12-12,MR(50K),36.5
2014-12-05,VLCC(320K),97.0
2014-12-05,SUEZMAX(160K),65.5
2014-12-05,AFRAMAX(110K),54.0
2014-12-05,LR2(110K),57.0
2014-12-05,LR1(74K),46.0
2014-12-05,MR(50K),36.5
2014-11-28,VLCC(320K),97.5
2014-11-28,SUEZMAX(160K),65.5
2014-11-28,AFRAMAX(110K),54.0
2014-11-28,LR2(110K),57.0
2014-11-28,LR1(74K),46.0
2014-11-28,MR(50K),36.5
2014-11-21,VLCC(320K),97.5
2014-11-21,SUEZMAX(160K),65.5
2014-11-21,AFRAMAX(110K),54.0
2014-11-21,LR2(110K),57.0
2014-11-21,LR1(74K),46.0
2014-11-21,MR(50K),36.5
2014-11-14,VLCC(320K),97.5
2014-11-14,SUEZMAX(160K),65.5
2014-11-14,AFRAMAX(110K),54.0
2014-11-14,LR2(110K),57.0
2014-11-14,LR1(74K),46.0
2014-11-14,MR(50K),36.5
2014-11-07,VLCC(320K),98.25
2014-11-07,SUEZMAX(160K),66.0
2014-11-07,AFRAMAX(110K),54.0
2014-11-07,LR2(110K),57.0
2014-11-07,LR1(74K),46.0
2014-11-07,MR(50K),36.5
2014-10-31,VLCC(320K),98.25
2014-10-31,SUEZMAX(160K),66.0
2014-10-31,AFRAMAX(110K),54.0
2014-10-31,LR2(110K),57.0
2014-10-31,LR1(74K),46.0
2014-10-31,MR(50K),36.5
2014-10-24,VLCC(320K),98.25
2014-10-24,SUEZMAX(160K),66.0
2014-10-24,AFRAMAX(110K),54.0
2014-10-24,LR2(110K),57.0
2014-10-24,LR1(74K),46.0
2014-10-24,MR(50K),36.5
2014-10-17,VLCC(320K),98.25
2014-10-17,SUEZMAX(160K),66.0
2014-10-17,AFRAMAX(110K),54.0
2014-10-17,LR2(110K),57.0
2014-10-17,LR1(74K),46.0
2014-10-17,MR(50K),36.5
2014-10-10,VLCC(320K),98.25
2014-10-10,SUEZMAX(160K),66.0
2014-10-10,AFRAMAX(110K),54.0
2014-10-10,LR2(110K),57.0
2014-10-10,LR1(74K),46.0
2014-10-10,MR(50K),36.5
2014-10-03,VLCC(320K),98.25
2014-10-03,SUEZMAX(160K),65.5
2014-10-03,AFRAMAX(110K),54.0
2014-10-03,LR2(110K),57.0
2014-10-03,LR1(74K),46.0
2014-10-03,MR(50K),36.5
2014-09-26,VLCC(320K),98.25
2014-09-26,SUEZMAX(160K),65.0
2014-09-26,AFRAMAX(110K),54.0
2014-09-26,LR2(110K),57.0
2014-09-26,LR1(74K),45.5
2014-09-26,MR(50K),36.5
2014-09-19,VLCC(320K),98.25
2014-09-19,SUEZMAX(160K),65.0
2014-09-19,AFRAMAX(110K),54.0
2014-09-19,LR2(110K),57.0
2014-09-19,LR1(74K),45.5
2014-09-19,MR(50K),36.5
2014-09-05,VLCC(320K),98.25
2014-09-05,SUEZMAX(160K),65.0
2014-09-05,AFRAMAX(110K),53.5
2014-09-05,LR2(110K),57.0
2014-09-05,LR1(74K),45.5
2014-09-05,MR(50K),36.5
2014-08-28,VLCC(320K),98.25
2014-08-28,SUEZMAX(160K),65.0
2014-08-28,AFRAMAX(110K),53.5
2014-08-28,LR2(110K),57.0
2014-08-28,LR1(74K),45.5
2014-08-28,MR(50K),36.5
2014-08-21,VLCC(320K),98.25
2014-08-21,SUEZMAX(160K),65.0
2014-08-21,AFRAMAX(110K),53.5
2014-08-21,LR2(110K),57.0
2014-08-21,LR1(74K),45.5
2014-08-21,MR(50K),36.5
2014-08-14,VLCC(320K),98.25
2014-08-14,SUEZMAX(160K),65.0
2014-08-14,AFRAMAX(110K),54.0
2014-08-14,LR2(110K),57.0
2014-08-14,LR1(74K),45.5
2014-08-14,MR(50K),36.5
2014-08-07,VLCC(320K),98.5
2014-08-07,SUEZMAX(160K),65.0
2014-08-07,AFRAMAX(110K),54.0
2014-08-07,LR2(110K),57.0
2014-08-07,LR1(74K),45.5
2014-08-07,MR(50K),36.5
2014-01-16,VLCC(320K),97.25
2014-01-16,SUEZMAX(160K),65.1
2014-01-16,AFRAMAX(110K),54.0
2014-01-16,LR2(110K),57.0
2014-01-16,LR1(74K),46.0
2014-01-16,MR(50K),36.5
2014-01-09,VLCC(320K),97.25
2014-01-09,SUEZMAX(160K),65.1
2014-01-09,AFRAMAX(110K),54.0
2014-01-09,LR2(110K),57.0
2014-01-09,LR1(74K),46.0
2014-01-09,MR(50K),36.5
2014-01-02,VLCC(320K),97.25
2014-01-02,SUEZMAX(160K),65.25
2014-01-02,AFRAMAX(110K),54.0
2014-01-02,LR2(110K),57.0
2014-01-02,LR1(74K),46.0
2014-01-02,MR(50K),36.5
